start,r002,r005,r008,r012,r016,r020,r028,r040,r055,lev100
2023-01-17,0.9636,0.9033,0.8373,0.7422,0.7106,0.7128,0.6816,0.2408,0.2149,0.05
2023-01-22,0.9168,0.7975,0.6858,0.5502,0.4312,0.329,0.2244,0.138,0.1096,0.004
2023-01-27,0.9496,0.8721,0.7933,0.6884,0.5859,0.4878,0.4073,0.3038,0.2625,0.0092
2023-02-01,0.9934,0.9771,0.9531,0.8948,0.7882,0.6806,0.5486,0.3578,0.2745,0.016
2023-02-06,0.9879,0.9632,0.9309,0.8628,0.7509,0.6406,0.4929,0.2939,0.2188,0.016
2023-02-11,0.974,0.918,0.8397,0.7289,0.7472,0.7467,0.7173,0.6535,0.9638,0.0186
2023-02-16,0.9385,0.8375,0.7261,0.5782,0.5292,0.4825,0.3858,0.2577,0.8083,0.0284
2023-02-21,0.9635,0.8934,0.8037,0.671,0.6427,0.6122,0.5115,0.357,0.8155,0.0284
2023-02-26,0.9002,0.7519,0.6071,0.4429,0.4303,0.4286,0.4332,0.432,0.907,0.0497
2023-03-03,0.8909,0.7316,0.5801,0.4121,0.389,0.3555,0.3013,0.2288,0.4464,0.0349
2023-03-08,0.8616,0.6688,0.4953,0.3357,0.3086,0.2634,0.1915,0.1143,0.1063,0.012
2023-03-13,1.0074,1.0049,0.9871,0.9419,0.9809,0.9766,0.663,0.3252,0.267,0.0086
2023-03-18,1.1004,1.2494,1.3946,1.5497,1.6493,1.6249,0.9869,0.371,0.2462,0.0606
2023-03-23,0.9711,0.921,0.8634,0.8329,0.8241,0.7121,0.4176,0.2041,0.1686,0.0035
2023-03-28,0.935,0.8325,0.7264,0.6281,0.6056,0.62,0.3826,0.1666,0.1077,0.0067
2023-04-02,0.9114,0.7808,0.6552,0.5373,0.4908,0.505,0.3268,0.1676,0.1276,0.0154
2023-04-07,0.9137,0.7858,0.6619,0.5455,0.5009,0.518,0.3386,0.174,0.1325,0.0154
2023-04-12,0.987,0.9525,0.9024,0.8156,0.6963,0.5335,0.4175,0.3095,0.293,0.0035
2023-04-17,0.9655,0.9062,0.8394,0.7685,0.737,0.5976,0.5288,0.4069,0.3828,0.0047
2023-04-22,0.887,0.7243,0.5729,0.4285,0.4415,0.3914,0.3378,0.2778,0.2747,0.0056
2023-04-27,0.9186,0.7986,0.6834,0.5901,0.6139,0.5743,0.5534,0.5153,0.5146,0.0097
2023-05-02,0.9254,0.8039,0.6755,0.5935,0.659,0.6224,0.5737,0.4367,0.428,0.015
2023-05-07,0.9252,0.8021,0.6714,0.5873,0.563,0.491,0.4711,0.4449,0.4584,0.0199
2023-05-12,1.0918,1.1533,1.1302,0.9723,1.0023,0.8197,0.6864,0.5128,0.5044,0.0661
2023-05-17,1.1181,1.2234,1.2422,1.1108,1.2277,1.0634,0.9993,0.8176,0.8041,0.0627
2023-05-22,1.319,1.8302,2.3362,2.8052,2.4895,3.2287,5.0536,5.534,5.6866,0.0049
2023-05-27,1.4893,2.4755,3.7971,4.4953,5.2748,6.5079,8.0416,8.5517,8.5554,0.0112
2023-06-01,1.2206,1.5574,1.8873,2.426,2.0173,2.419,2.6942,4.3798,2.8625,0.015
2023-06-06,1.1319,1.2883,1.3865,1.4483,1.5624,2.0578,2.4532,2.8818,2.7962,0.0349
2023-06-11,1.0999,1.2007,1.2425,1.2806,0.8835,0.7041,0.5597,0.6099,0.5979,0.0268
2023-06-16,1.0757,1.134,1.1314,1.1073,0.8143,0.6589,0.4914,0.4518,0.4751,0.0268
2023-06-21,0.8653,0.6781,0.5123,0.3427,0.401,0.5008,0.4749,0.3213,0.3243,0.0034
2023-06-26,0.8126,0.5849,0.4111,0.2536,0.1867,0.1582,0.1134,0.0569,0.0572,0.0261
2023-07-01,0.8646,0.6859,0.5345,0.3822,0.3309,0.3339,0.2723,0.1699,0.1821,0.0157
2023-07-06,0.9076,0.7801,0.6653,0.5479,0.5646,0.5494,0.3685,0.1704,0.1828,0.0608
2023-07-11,0.8695,0.6996,0.5573,0.4177,0.3966,0.3597,0.3044,0.2393,0.2395,0.0617
2023-07-16,0.8868,0.7385,0.6127,0.4881,0.36,0.2545,0.1874,0.1229,0.1212,0.0627
2023-07-21,0.9394,0.8229,0.6878,0.5225,0.4608,0.3995,0.3569,0.3143,0.3146,0.0597
2023-07-26,0.9654,0.8796,0.7639,0.6004,0.5509,0.5082,0.5149,0.5239,0.5244,0.0458
2023-07-31,0.9828,0.9202,0.8211,0.6325,0.4675,0.4057,0.3628,0.3248,0.3252,0.0458
2023-08-05,1.0416,1.0611,1.0275,0.8349,0.6442,0.5913,0.5911,0.6591,0.6591,0.0551
2023-08-10,1.1536,1.3708,1.572,1.7757,1.9564,1.7005,1.7397,1.6685,1.6534,0.9341
2023-08-15,1.1301,1.3009,1.4439,1.5586,1.6376,1.7367,1.6825,1.443,1.4299,0.699
2023-08-20,0.972,0.9231,0.8675,0.7818,0.6824,0.5992,0.4465,0.2657,0.2475,0.0711
2023-08-25,0.9655,0.9086,0.8468,0.7604,0.6817,0.6709,0.8187,0.9789,0.9984,0.0465
2023-08-30,1.0261,1.0574,1.0799,1.1055,1.1041,0.9369,0.8944,0.7363,0.7109,0.062
2023-09-04,1.0891,1.2166,1.3351,1.3454,1.2961,1.0835,0.8379,0.5187,0.5203,0.0449
2023-09-09,1.1106,1.277,1.4422,1.5316,1.463,1.2817,1.0652,0.7917,0.7771,0.0598
2023-09-14,1.1576,1.4177,1.7067,1.9261,1.9381,1.7207,1.656,1.4442,1.4139,0.0616
2023-09-19,1.1737,1.4691,1.8089,2.0565,2.3651,2.6271,3.7794,5.2234,5.2234,0.0605
2023-09-24,1.2329,1.6223,2.0494,2.447,2.304,1.8994,2.4041,1.6377,1.6281,0.0609
2023-09-29,1.4566,2.3482,3.5203,4.0233,3.969,4.0172,4.6025,5.0076,4.9784,0.0029
2023-10-04,1.3225,1.8919,2.5632,3.3204,3.885,2.6343,3.2674,2.3572,2.4421,0.0095
2023-10-09,1.5063,2.4909,3.7582,5.3927,4.0,3.7747,4.2666,4.2569,3.8436,0.0064
2023-10-14,1.5721,2.7034,4.1272,5.7411,3.9814,4.3856,5.1953,5.6179,4.6167,0.0145
2023-10-19,1.3352,1.8873,2.4592,3.0396,3.7523,2.2325,2.7329,3.2395,3.0248,0.0349
2023-10-24,1.0656,1.1273,1.1424,0.9552,1.5975,1.6954,1.4996,0.9221,0.7401,0.0139
2023-10-29,1.0423,1.062,1.0304,0.9824,0.9458,0.6442,0.595,0.4995,0.4657,0.0199
2023-11-03,0.9616,0.8853,0.79,0.6855,0.7143,0.7322,0.7553,0.6611,0.6164,0.0367
2023-11-08,0.8595,0.6631,0.489,0.3428,0.3329,0.3276,0.3165,0.282,0.2691,0.0261
2023-11-13,0.8194,0.5933,0.4155,0.2789,0.2374,0.1939,0.1471,0.0874,0.073,0.0349
2023-11-18,0.8383,0.6291,0.4577,0.3246,0.2916,0.2542,0.2356,0.1904,0.1818,0.052
2023-11-23,0.9204,0.7914,0.6571,0.5531,0.5952,0.6349,0.7489,0.8131,0.8401,0.0688
2023-11-28,0.8551,0.6518,0.4726,0.392,0.4196,0.462,0.6867,1.0508,1.1713,0.0029
2023-12-03,0.8877,0.7184,0.5574,0.5407,0.5618,0.636,0.4761,0.3394,0.0676,0.0091
2023-12-08,0.9705,0.8954,0.7908,0.792,0.7651,0.6676,0.6108,0.6796,0.6713,0.0349
2023-12-13,0.9777,0.905,0.7961,0.7731,0.715,0.5949,0.4437,0.5791,0.572,0.0349
2023-12-18,1.0799,1.1628,1.1937,1.4317,1.3739,1.3101,0.9692,1.3499,1.3813,0.0349
2023-12-23,1.0461,1.0791,1.0666,0.9772,0.8331,0.5133,0.582,0.7118,0.7538,0.0349
2023-12-28,1.1035,1.2395,1.3453,1.4059,1.2447,0.9708,0.9443,0.8496,0.8311,0.0195
2024-01-02,0.9149,0.7775,0.6354,0.447,0.3301,0.2479,0.2062,0.1919,0.1923,0.0738
2024-01-07,0.9073,0.763,0.6184,0.4387,0.3417,0.2536,0.2121,0.1797,0.1801,0.0732
2024-01-12,0.9986,0.9713,0.9137,0.77,0.6793,0.5846,0.451,0.3648,0.3783,0.0619
2024-01-17,1.1449,1.3009,1.3782,1.2567,0.9717,0.8554,0.4843,0.3855,0.3822,0.0676
2024-01-22,1.4331,2.0749,2.679,3.0632,2.0816,2.0208,1.9278,1.7347,1.7389,0.0653
2024-01-27,1.7662,3.0143,4.3452,5.1872,5.2488,5.1872,4.9304,4.4234,4.4234,0.0592
2024-02-01,1.1138,1.2452,1.329,1.2821,0.8782,0.8658,0.7957,0.79,0.7899,0.0591
2024-02-06,1.23,1.5767,1.9088,2.1446,1.383,7.1782,7.0521,8.1845,8.1845,0.063
2024-02-11,1.7515,3.0055,4.374,6.0281,6.78,6.1059,5.3229,5.4902,5.4902,0.0634
2024-02-16,1.0963,1.2279,1.3401,1.4304,0.9377,0.9972,0.7808,0.5892,0.4848,0.0479
2024-02-21,1.0776,1.1797,1.2627,1.3205,0.8539,0.8413,0.5401,0.3554,0.276,0.067
2024-02-26,1.0657,1.142,1.1877,1.261,1.2817,1.0069,0.8047,0.7112,0.6319,0.058
2024-03-02,0.975,0.9221,0.8523,0.7981,0.7262,0.6371,0.7477,0.2591,0.1807,0.0579
2024-03-07,0.9433,0.8509,0.7518,0.6843,0.6236,0.5351,0.6108,0.4862,0.1781,0.0099
2024-03-12,0.9761,0.9259,0.8592,0.8337,0.8085,0.7372,0.9467,0.7645,0.6409,0.0159
2024-03-17,0.9459,0.8569,0.7602,0.6955,0.6365,0.5479,0.7324,0.3233,0.2486,0.0045
2024-03-22,0.9424,0.8493,0.7499,0.682,0.6399,0.5606,0.7926,0.8016,0.8142,0.0081
2024-03-27,1.0073,1.0103,1.0028,0.9689,0.6916,0.753,1.0141,1.3913,1.5759,0.0208
2024-04-01,0.9625,0.9033,0.8412,0.8666,0.6627,0.7754,1.1761,1.7045,1.8186,0.0349
2024-04-06,0.9531,0.8705,0.7742,0.755,0.6127,0.6899,1.1749,2.0862,2.338,0.0151
2024-04-11,0.9188,0.7918,0.6611,0.5866,0.4468,0.4898,0.7617,1.3037,1.4761,0.0199
2024-04-16,0.9509,0.8624,0.7562,0.7068,1.0059,1.0243,0.795,0.2144,0.2108,0.0666
2024-04-21,0.9914,0.9406,0.8464,0.6983,0.9488,0.9559,0.6827,0.2368,0.2204,0.0031
2024-04-26,1.0523,1.1143,1.1547,1.2364,1.4873,1.3821,1.0001,0.5698,0.5041,0.0349
2024-05-01,1.0926,1.2226,1.337,1.5353,1.9767,1.9745,2.0662,1.8922,1.8571,0.0756
2024-05-06,1.1512,1.3948,1.6556,2.0214,2.2413,2.1779,2.2437,2.9097,2.8437,0.0042
2024-05-11,1.0645,1.1425,1.1945,1.2179,1.1085,0.9237,0.9773,1.0678,1.048,0.0069
2024-05-16,0.9128,0.7837,0.6583,0.5063,0.5065,0.4964,0.3616,0.1231,0.1499,0.0668
2024-05-21,0.9182,0.7918,0.6644,0.5002,0.399,0.2999,0.3067,0.373,0.3742,0.0128
2024-05-26,0.9293,0.8154,0.6958,0.5473,0.5035,0.3708,0.3435,0.3733,0.3745,0.0128
2024-05-31,0.9651,0.8976,0.8138,0.679,0.6589,0.5957,0.634,0.5582,0.56,0.0092
2024-06-05,1.0492,1.1203,1.1866,1.3282,1.6065,1.7713,2.1823,2.5143,2.5432,0.0349
2024-06-10,0.981,0.9338,0.8646,0.7907,0.9407,0.7163,0.836,0.7311,0.7333,0.0705
2024-06-15,1.0912,1.2021,1.2762,1.5131,2.159,2.2806,1.8634,2.1831,2.1831,0.0104
2024-06-20,1.1038,1.2243,1.2995,1.4134,1.6268,1.8879,2.9315,4.4353,4.4252,0.0138
2024-06-25,1.0743,1.1444,1.1657,1.102,1.0766,0.9298,0.794,0.9153,0.9153,0.0107
2024-06-30,1.0435,1.0629,1.0329,0.9374,0.8643,0.6889,0.6259,0.8445,0.8413,0.0143
2024-07-05,1.2166,1.5349,1.8247,2.0752,1.6945,1.7254,1.5518,1.1804,1.1268,0.0229
2024-07-10,1.0922,1.209,1.2935,1.3209,1.1342,1.0477,0.9686,1.0746,1.0775,0.038
2024-07-15,1.0215,1.0409,1.0446,1.0141,0.8042,0.8602,0.6327,0.601,0.5906,0.0046
2024-07-20,0.9558,0.885,0.8101,0.7311,0.6106,0.626,0.4631,0.4638,0.4723,0.0036
2024-07-25,0.9173,0.7963,0.6807,0.5466,0.3809,0.3728,0.3114,0.365,0.3928,0.0047
2024-07-30,0.8167,0.5811,0.3904,0.2397,0.1784,0.1909,0.1666,0.1978,0.2137,0.0114
2024-08-04,0.8501,0.6416,0.4566,0.2556,0.1746,0.1219,0.1037,0.1117,0.1186,0.0261
2024-08-09,0.9251,0.7901,0.6365,0.4085,0.3918,0.3277,0.3893,0.4798,0.5111,0.0516
2024-08-14,0.9746,0.8911,0.7603,0.4906,0.3764,0.3722,0.3235,0.3001,0.3197,0.0525
2024-08-19,0.9011,0.7336,0.5577,0.2885,0.1624,0.1569,0.1337,0.11,0.1103,0.0639
2024-08-24,1.0291,1.0489,1.0421,0.8656,0.6736,0.6013,0.409,0.282,0.2703,0.0607
2024-08-29,1.0577,1.1027,1.0897,1.0273,0.9931,0.3971,0.3236,0.3029,0.3008,0.0035
2024-09-03,0.8866,0.7098,0.5344,0.3039,0.2598,0.2936,0.3196,0.3409,0.3386,0.0689
2024-09-08,0.9486,0.851,0.7369,0.5287,0.4509,0.4596,0.3545,0.2225,0.1825,0.0031
2024-09-13,0.9461,0.8535,0.7513,0.7154,1.038,0.6063,0.4878,0.2091,0.1773,0.0067
2024-09-18,0.9342,0.8266,0.7123,0.7605,1.116,0.7927,0.3134,1.0749,0.9819,0.0082
2024-09-23,0.7756,0.5198,0.3389,0.2698,0.2152,0.0983,0.1583,0.0745,0.0681,0.0604
2024-09-28,0.8199,0.5967,0.4221,0.4323,0.3445,0.1899,0.0672,0.1811,0.1655,0.0645
2024-10-03,0.7707,0.511,0.3289,0.2957,0.2052,0.104,0.0352,0.0547,0.0518,0.0515
2024-10-08,0.8335,0.6241,0.4567,0.4947,0.5186,0.1869,0.046,0.1972,0.1865,0.0727
2024-10-13,0.9177,0.7591,0.5882,0.3788,0.2753,0.2158,0.1858,0.0613,0.058,0.0661
2024-10-18,1.1782,1.2585,1.1881,0.969,0.7568,0.6355,0.5988,0.53,0.5014,0.0623
2024-10-23,1.4162,1.965,2.3755,2.6367,2.4412,2.5152,2.29,1.7061,1.3727,0.06
2024-10-28,1.403,1.9484,2.4038,2.8489,2.5251,2.0876,2.0052,1.6978,1.6286,0.0086
2024-11-02,1.4432,2.0828,2.658,3.4661,3.6836,3.3753,3.8526,4.3478,4.3532,0.0261
2024-11-07,1.3862,1.9807,2.5643,3.4282,3.9016,3.459,3.6601,4.1743,4.1236,0.0349
2024-11-12,1.0373,1.0758,1.0922,1.133,1.0737,1.0737,1.1093,1.3273,1.3594,0.0123
2024-11-17,1.0895,1.2113,1.3141,1.4679,1.6261,1.5173,1.7116,2.2109,2.2195,0.0526
2024-11-22,1.0561,1.1164,1.1446,1.1498,1.0498,0.681,0.5999,0.5764,0.5802,0.0697
2024-11-27,1.0762,1.1719,1.2399,1.3036,1.254,0.8557,0.8402,0.8681,0.8738,0.0549
2024-12-02,1.0955,1.2222,1.3196,1.3329,1.2793,0.9213,0.7425,0.4265,0.3831,0.0582
2024-12-07,1.2277,1.6058,2.0101,2.4434,2.8416,2.1861,2.3199,1.6511,1.653,0.0575
2024-12-12,0.9402,0.8239,0.6829,0.5304,0.5037,0.5461,0.3252,0.2023,0.2023,0.0454
2024-12-17,0.8621,0.6563,0.4617,0.3003,0.2463,0.291,0.26,0.2471,0.251,0.0617
2024-12-22,0.961,0.8631,0.7195,0.6066,0.6339,0.761,0.4071,0.1735,0.173,0.0726
2024-12-27,0.9931,0.9323,0.809,0.7121,0.8227,1.0962,0.5539,0.1556,0.1494,0.0713
2025-01-01,0.8712,0.673,0.4807,0.3294,0.3656,0.4583,0.2089,0.0727,0.0698,0.0599
2025-01-06,1.0064,0.9795,0.9178,0.7764,0.7699,0.695,0.6383,0.5695,0.5441,0.0637
2025-01-11,1.1586,1.385,1.5908,1.7535,2.269,2.0772,1.2062,0.4225,0.4056,0.0078
2025-01-16,1.0755,1.1525,1.1899,1.13,1.0792,0.7489,0.683,0.6501,0.6258,0.0063
2025-01-21,1.1472,1.3578,1.5538,1.7042,2.0098,1.679,1.5968,1.5587,1.5004,0.0196
2025-01-26,1.1895,1.4843,1.7887,2.0098,2.6336,2.7215,1.4359,0.8897,0.8882,0.0263
2025-01-31,1.0845,1.2014,1.3037,1.3802,1.5237,1.4223,0.8477,0.6226,0.328,0.0349
2025-02-05,0.9819,0.9497,0.9131,0.7549,0.6842,0.4054,0.2118,0.1432,0.0757,0.0032
2025-02-10,0.9876,0.9611,0.9272,0.7927,0.8409,0.5729,0.295,0.1899,0.0757,0.0032
2025-02-15,1.0137,1.0217,1.0156,0.9688,1.1943,0.9265,0.5295,0.3216,0.1746,0.0622
2025-02-20,1.0607,1.1397,1.2023,0.8496,0.8682,0.9733,0.8114,0.5834,0.5346,0.0051
2025-02-25,1.0211,1.0354,1.0282,0.9863,0.817,0.6133,0.5777,0.4655,0.4642,0.0687
2025-03-02,1.0462,1.1076,1.158,1.2632,1.0297,0.6824,0.6077,0.3142,0.2485,0.0606
2025-03-07,0.8388,0.6338,0.4689,0.3697,0.2135,0.0956,0.0815,0.0571,0.0513,0.0548
2025-03-12,0.8881,0.7298,0.585,0.5194,0.4239,0.2106,0.1738,0.1127,0.1012,0.2602
2025-03-17,0.7731,0.5099,0.3223,0.2062,0.1564,0.0702,0.0619,0.0511,0.0725,0.075
2025-03-22,0.782,0.512,0.3104,0.1438,0.1303,0.0741,0.1401,0.1648,0.1657,0.004
2025-03-27,1.0337,0.933,0.7336,0.4589,0.4438,0.3896,0.4994,0.6182,0.6223,0.0066
2025-04-01,1.0994,1.1037,0.9826,0.7519,0.792,0.7542,0.8763,1.151,1.1613,0.0349
2025-04-06,1.0819,1.0619,0.9263,0.6924,0.7232,0.7325,0.7914,1.4517,1.4798,0.0054
2025-04-11,1.4604,2.1497,2.7534,3.2529,2.4517,1.7633,1.0878,0.9905,0.9976,0.0096
2025-04-16,1.6091,2.7534,4.1415,6.1849,7.0708,6.715,4.4648,4.3798,4.417,0.0521
2025-04-21,1.2226,1.5588,1.886,2.2438,2.0169,1.7167,1.0985,0.6923,2.1358,0.0138
2025-04-26,1.1037,1.2006,1.2332,1.2689,1.4033,1.4263,1.3685,2.2113,2.2343,0.0715
2025-05-01,1.0083,0.9653,0.8741,0.6934,0.5909,0.4821,0.2824,0.1678,0.1677,0.0701
2025-05-06,1.0595,1.0882,1.0516,0.9008,0.8975,0.8052,0.5769,0.3614,0.3639,0.0073
2025-05-11,0.8614,0.6739,0.5115,0.3336,0.3206,0.3317,0.3358,0.333,0.3357,0.0047
2025-05-16,0.8087,0.5691,0.3819,0.2039,0.1807,0.1801,0.1919,0.208,0.2028,0.0047
2025-05-21,0.8097,0.5715,0.3853,0.2077,0.1887,0.2113,0.2906,0.424,0.427,0.0082
2025-05-26,0.9259,0.808,0.685,0.5185,0.5345,0.657,1.0253,1.6051,1.6013,0.0146
2025-05-31,0.9296,0.8202,0.708,0.5576,0.5175,0.5053,0.5218,0.6937,0.6923,0.0081
2025-06-05,0.8787,0.7086,0.555,0.3786,0.2985,0.2888,0.3382,0.3112,0.3101,0.0108
2025-06-10,0.992,0.956,0.8965,0.7418,0.5171,0.4754,0.595,0.4405,0.4405,0.0541
2025-06-15,0.9163,0.7919,0.6716,0.4902,0.3568,0.3175,0.3344,0.153,0.153,0.0661
2025-06-20,1.0486,1.075,1.0536,0.9443,0.8278,0.7635,0.7102,0.2612,0.2612,0.0669
2025-06-25,1.0453,1.0681,1.0456,0.9406,0.8281,0.7667,0.6336,0.18,0.1759,0.0751
2025-06-30,1.0947,1.1897,1.2287,1.0943,0.973,0.8466,0.6037,0.2529,0.2425,0.0751
2025-07-05,1.1856,1.453,1.6976,1.912,1.9021,1.8967,1.4144,0.4297,0.3835,0.06
2025-07-10,1.0675,1.1419,1.1804,1.0049,0.8979,1.0095,1.2002,0.4043,0.372,0.0622
2025-07-15,1.0016,0.9607,0.8739,0.7631,0.5019,0.5046,0.457,0.4452,0.5858,0.0248
2025-07-20,0.9401,0.8345,0.7185,0.6025,0.3508,0.3397,0.1456,0.1329,0.0991,0.0349
2025-07-25,0.8915,0.7121,0.531,0.3176,0.2536,0.1354,0.2062,0.1208,0.1163,0.0041
2025-07-30,0.8639,0.6587,0.4674,0.2625,0.203,0.1524,0.2433,0.079,0.0721,0.0085
2025-08-04,0.8403,0.6276,0.4477,0.2909,0.2361,0.2297,0.2406,0.2285,0.2163,0.0749
2025-08-09,0.9553,0.8421,0.7028,0.4778,0.3101,0.2152,0.2455,0.0701,0.0629,0.0598
2025-08-14,1.0247,1.0013,0.9493,0.8285,0.6899,0.529,0.4082,0.2849,0.2642,0.0085
2025-08-19,1.0535,1.077,1.0541,0.9177,0.8363,0.6243,0.3643,0.0733,0.0635,0.0114
2025-08-24,1.0973,1.1969,1.2884,1.352,1.1604,0.8988,0.7037,0.4833,0.4572,0.0049
2025-08-29,1.1974,1.4684,1.7554,2.0304,1.7654,1.4324,1.2415,0.9841,0.9368,0.0151
2025-09-03,1.1512,1.3539,1.5771,1.8744,1.8544,1.69,1.845,1.5783,1.5796,0.026
2025-09-08,1.2731,1.621,1.8999,1.4834,1.2687,1.1714,0.6601,0.256,0.185,0.062
2025-09-13,0.9408,0.8489,0.7548,0.7133,0.8764,0.8865,0.7813,0.8053,0.8053,0.0046
2025-09-18,1.0004,0.9949,0.9824,1.2063,1.8316,2.0088,1.7687,1.4544,1.4544,0.0109
2025-09-23,1.4522,2.1788,3.0233,4.4358,4.986,6.1431,8.0126,9.0204,9.0204,0.0148
2025-09-28,1.4014,2.0022,2.5683,2.628,3.094,1.3849,1.628,1.0032,0.8922,0.0582
2025-10-03,0.9596,0.8835,0.7926,0.7775,0.7265,0.7842,0.7531,0.6228,0.6228,0.0606
2025-10-08,0.9533,0.8758,0.772,0.8746,0.5513,0.28,0.227,0.175,0.1905,0.0071
2025-10-13,0.939,0.8319,0.7156,0.5582,0.3471,0.28,0.2116,0.1193,0.1182,0.0597
2025-10-18,1.0348,1.0641,1.0679,1.0084,0.757,0.6802,0.5845,0.4312,0.4317,0.0578
2025-10-23,1.0446,1.0946,1.1252,1.2552,1.2232,1.4132,1.715,1.9989,2.0277,0.0044
2025-10-28,1.1315,1.3398,1.5596,1.3814,1.7244,2.004,2.0215,2.5355,2.5543,0.0122
2025-11-02,1.0351,1.068,1.0774,1.06,1.0598,1.2384,1.4329,1.6488,1.6492,0.0079
2025-11-07,0.9253,0.8085,0.692,0.5675,0.5686,0.621,0.7377,0.9257,0.936,0.0628
2025-11-12,0.9205,0.7877,0.6466,0.4772,0.4501,0.5797,0.7864,1.0206,1.0228,0.0559
2025-11-17,0.8398,0.6396,0.4805,0.3596,0.2412,0.1483,0.1842,0.2419,0.2559,0.0126
2025-11-22,0.8244,0.5997,0.4187,0.2528,0.1944,0.2075,0.2603,0.299,0.2935,0.056
2025-11-27,0.815,0.5822,0.3986,0.2337,0.1965,0.2133,0.2349,0.2783,0.2795,0.073
2025-12-02,0.8358,0.6283,0.4617,0.3433,0.2689,0.2076,0.1812,0.0947,0.0864,0.0657
2025-12-07,1.1616,1.2738,1.2618,1.1206,0.9499,0.6766,0.4583,0.1463,0.1447,0.065
2025-12-12,1.1009,1.1971,1.2189,1.1971,1.482,1.41,1.1606,0.9034,0.9034,1.0899
2025-12-17,1.058,1.0834,1.0413,1.0032,1.1587,0.9079,0.7095,0.5508,0.5508,0.8846
2025-12-22,1.0773,1.1288,1.0998,1.0898,1.3568,1.1984,1.1252,1.1232,1.1232,0.3521
2025-12-27,1.1598,1.3385,1.4286,1.1202,1.2687,1.4825,1.6654,1.6223,1.6223,0.1382
2026-01-01,1.2702,1.6616,1.9936,1.8016,1.9443,1.9867,1.6954,1.0954,1.0954,0.5103
2026-01-06,1.2051,1.499,1.7678,2.3087,2.9952,2.868,2.0735,1.1022,1.1022,0.0595
2026-01-11,1.1573,1.3398,1.4394,1.4971,1.645,1.5591,1.0703,0.5084,0.5084,0.0601
2026-01-16,1.1789,1.4184,1.6124,1.7235,1.6751,1.3769,0.8262,0.4024,0.4024,0.2088
2026-01-21,1.1535,1.3081,1.3577,0.7779,0.8757,0.7074,0.498,0.344,0.34,0.1266
2026-01-26,1.2719,1.6845,2.0693,1.4893,1.7946,1.4597,0.9349,0.5665,0.56,0.2061
2026-01-31,0.9862,0.9186,0.8034,0.5476,0.4728,0.4262,0.351,0.3273,0.3374,0.0349
2026-02-05,0.8247,0.5926,0.4014,0.1979,0.1303,0.0942,0.0648,0.0728,0.0719,0.0057
2026-02-10,0.8726,0.689,0.5204,0.3293,0.2533,0.2039,0.1259,0.1943,0.1941,0.0606
2026-02-15,0.9101,0.7693,0.6267,0.4557,0.3576,0.2798,0.2064,0.3352,0.3349,0.0041
2026-02-20,0.8391,0.6186,0.4278,0.279,0.226,0.2234,0.2388,0.2375,0.2333,0.0347
2026-02-25,0.8769,0.6995,0.536,0.3482,0.2875,0.2908,0.3659,0.3583,0.3488,0.0349
2026-03-02,0.8383,0.6266,0.4521,0.3213,0.2938,0.2527,0.1848,0.3985,0.397,0.0679
2026-03-07,0.8676,0.6848,0.5237,0.4151,0.4475,0.392,0.2782,1.7385,1.7427,0.0666
2026-03-12,0.8939,0.7212,0.5717,0.4798,0.644,0.5687,0.8461,0.9329,0.9329,0.0478
2026-03-17,0.9293,0.8025,0.676,0.899,1.0111,0.7469,1.1609,1.9768,1.9768,0.059
2026-03-22,1.0068,0.9988,0.9609,0.9382,0.7546,0.8631,1.2568,1.6998,1.6803,0.5251
2026-03-27,0.9041,0.7561,0.6047,0.45,0.3178,0.3201,0.3997,0.5848,0.5848,0.0472
2026-04-01,0.9283,0.8104,0.6804,0.5178,0.2763,0.3744,0.5319,0.4728,0.4728,0.2636
2026-04-06,1.1538,1.3675,1.5354,1.6189,1.0498,1.2245,0.9208,4.0324,4.0324,0.1268
2026-04-11,1.2446,1.6579,2.0981,1.8339,1.4117,1.2437,0.8108,2.8702,2.8702,0.0729
2026-04-16,1.0142,1.0061,0.9894,0.944,1.1991,1.1859,0.524,1.819,1.8305,0.0735
2026-04-21,1.0711,1.1423,1.196,1.0701,1.1221,0.8492,0.7914,0.9849,0.9849,0.0718
2026-04-26,1.3048,1.7895,2.3226,2.9161,2.2869,1.4641,0.545,1.8532,1.8532,0.0604
2026-05-01,1.1955,1.4882,1.8114,2.4941,2.5806,2.6855,4.2571,6.6065,6.6065,0.0685
2026-05-06,1.2306,1.4733,1.5798,1.5112,1.3757,1.2798,1.3478,1.5201,1.4701,0.0619
2026-05-11,1.3238,1.8291,2.3489,2.7016,2.4748,2.1943,2.2639,1.649,1.5912,0.0631
2026-05-16,1.448,2.2738,3.2965,3.9801,2.9882,2.3423,2.0832,2.1084,2.038,0.0741
2026-05-21,1.1282,1.295,1.4153,1.4916,1.4889,1.3453,1.2159,1.0613,1.0391,0.0591
2026-05-26,1.1267,1.2785,1.3533,1.4719,1.1304,0.8892,0.7306,0.5516,0.5516,0.0486
2026-05-31,1.2653,1.6546,1.9682,2.4424,2.462,2.5697,2.0371,1.7542,1.6956,0.0456
2026-06-05,1.0131,0.9917,0.9164,0.8528,0.7559,0.886,0.6421,0.4729,0.4729,0.0757
2026-06-10,0.9945,0.9478,0.8539,0.7707,0.7007,0.8634,0.5478,0.3057,0.3057,0.0757
2026-06-15,0.9444,0.8417,0.7234,0.6346,0.5321,0.1656,0.1887,0.1702,0.1663,0.052
2026-06-20,0.9322,0.8305,0.7302,0.7054,0.8059,0.3895,0.3419,0.0986,0.0986,0.059
2026-06-25,0.7848,0.5275,0.3324,0.173,0.1471,0.0629,0.0854,0.0666,0.0666,0.0632
2026-06-30,0.8554,0.6612,0.497,0.3956,0.3453,0.1431,0.1201,0.0762,0.0763,0.0592
2026-07-05,0.9037,0.7625,0.6108,0.4707,0.4284,0.3823,0.3417,0.2805,0.2605,0.0757
2026-07-10,0.9388,0.8336,0.6983,0.5018,0.4049,0.4241,0.2425,0.0707,0.0699,0.0619
